Workbook

Sheet 📋 PETUNJUK
B1: 📝 LEMBAR ANOTASI IAA — ASPIRALYTICA
B2: Klasifikasi Sentimen & Intent — Inter-Annotator Agreement (IAA)
B4: 🎯 TUJUAN | C4: File ini untuk proses IAA. Dua anotator mengisi file SAMA secara TERPISAH tanpa diskusi terlebih dahulu.
B6: 📂 SHEET | C6: 🅰️ ANOTATOR A → Peneliti utama 🅱️ ANOTATOR B → Anotator kedua (teman) 📊 HASIL IAA → Perbandingan otomatis 📖 REFERENSI → Definisi label
B10: ⚠️ ATURAN | C10: 1. A dan B TIDAK BOLEH diskusi sebelum selesai 2. Isi sheet masing-masing saja 3. Baca sheet REFERENSI LABEL sebelum mulai 4. Jika ragu → isi kolom Catatan + flag ❓
B14: ⏱️ WAKTU | C14: Sentimen: 81 teks ≈ 45–60 menit Intent: 90 teks ≈ 60–80 menit Total: ± 2 jam per anotator
B17: 📌 LABEL | C17: SENTIMEN: positif | negatif | netral INTENT: keluhan | permintaan | saran | apresiasi | darurat

Sheet 🅰️ ANOTATOR A
A1: BAGIAN 1 — KLASIFIKASI SENTIMEN (Anotator A — Peneliti Utama) | 81 teks | positif · negatif · netral
A2: No. | B2: Teks Laporan Warga | C2: Label Sentimen ▼ | D2: Label Intent | E2: Flag ▼ | F2: Catatan (opsional)
A3: 1 | B3: bangga sama karena pembangunan selesai tepat waktu. ditingkatkan lagi | C3: positif | D3: — | E3: ✅ Yakin
A4: 2 | B4: layanan kesehatan perlu diperbaiki agar lebih layak digunakan warga | C4: positif | D4: — | E4: ✅ Yakin
A5: 3 | B5: got udah dikeruk ga banjir lagi! mantap bgt. pertahankan terus ya | C5: positif | D5: — | E5: ✅ Yakin
A6: 4 | B6: petugas mampet banjir tiap hujan udah sebulan lebih | C6: negatif | D6: — | E6: ✅ Yakin
A7: 5 | B7: pelayanan tidak layak sangat memprihatinkan udah 3 hari | C7: negatif | D7: — | E7: ✅ Yakin
A8: 6 | B8: smart city tapi loading terus ga bisa masuk, gimana ya | C8: negatif | D8: — | E8: ✅ Yakin
A9: 7 | B9: syukurlah taman udah bersih indah | C9: positif | D9: — | E9: ✅ Yakin
A10: 8 | B10: info tentang program beasiswa di kecamatan gimana ya prosedurnya | C10: netral | D10: — | E10: ✅ Yakin
A11: 9 | B11: info tentang pembuatan KTP di kantor pelayanan gimana ya prosedurnya | C11: netral | D11: — | E11: ✅ Yakin
A12: 10 | B12: Prosedur pengajuan surat keterangan domisili yang diperlukan | C12: netral | D12: — | E12: ✅ Yakin
A13: 11 | B13: trotoar makin parah dari hari ke hari ga pernah beres | C13: negatif | D13: — | E13: ✅ Yakin
A14: 12 | B14: Saran agar jam pelayanan kantor diperpanjang sampai sore | C14: netral | D14: — | E14: ✅ Yakin
... A83: 81 | B83: kok pelayanan mati terus ga ada yang benerin terus sih bertahun-tahun? ini sudah darurat | C83: negatif | D83: — | E83: ✅ Yakin
A85: BAGIAN 2 — KLASIFIKASI INTENT (Anotator A — Peneliti Utama) | 90 teks | keluhan · permintaan · saran · apresiasi · darurat
A86: No. | B86: Teks Laporan Warga | C86: Label Sentimen | D86: Label Intent ▼ | E86: Flag ▼ | F86: Catatan (opsional)
A87: 1 | B87: longsor di jalan di depan pasar, warga minta tolong segera | C87: — | D87: darurat | E87: ✅ Yakin
A88: 2 | B88: air bersih ga ngalir udah 3 hari warga susah banget | C88: — | D88: keluhan | E88: ✅ Yakin
A89: 3 | B89: kayaknya perlu petugas lebih aktif dalam menangani sampah | C89: — | D89: saran | E89: ✅ Yakin
A90: 4 | B90: darurat! orang keracunan di belakang sekolah, butuh bantuan segera | C90: — | D90: darurat | E90: ✅ Yakin
A91: 5 | B91: kami kapan diperbaiki dong tempat sampah baru secepatnya | C91: — | D91: permintaan | E91: ✅ Yakin
A92: 6 | B92: aplikasi pelayanan mudah dipake, petugasnya ramah bgt deh | C92: — | D92: apresiasi | E92: ✅ Yakin
A93: 7 | B93: kebakaran dekat sungai, api udah gede banget tlg bantuan | C93: — | D93: darurat | E93: ✅ Yakin
A94: 8 | B94: jalan ke sekolah rusak dan ga diperbaiki, dari dulu, ga ada yang dateng. udah muak | C94: — | D94: keluhan | E94: ✅ Yakin
A95: 9 | B95: jalan udah diaspal, terima kasih banyak deh | C95: — | D95: apresiasi | E95: ✅ Yakin
A96: 10 | B96: usul biar lampu jalan diganti yang hemat energi led | C96: — | D96: permintaan | E96: ✅ Yakin
A97: 11 | B97: Pos ronda rubuh berbahaya tidak ada yang mau memperbaiki | C97: — | D97: darurat | E97: ✅ Yakin
A98: 12 | B98: ada banjir bandang di jalan di depan pasar, minta tolong cepet! | C98: — | D98: darurat | E98: ✅ Yakin
... A176: 90 | B176: terima kasih taman udah dibersihkan, kalau ada kursi lebih oke | C176: — | D176: apresiasi | E176: ✅ Yakin

Sheet 🅱️ ANOTATOR B
A1: BAGIAN 1 — KLASIFIKASI SENTIMEN (Anotator B — Anotator Kedua) | 81 teks | positif · negatif · netral
A2: No. | B2: Teks Laporan Warga | C2: Label Sentimen ▼ | D2: Label Intent | E2: Flag ▼ | F2: Catatan (opsional)
A3: 1 | B3: bangga sama karena pembangunan selesai tepat waktu. ditingkatkan lagi | C3: positif | D3: — | E3: ✅ Yakin
A4: 2 | B4: layanan kesehatan perlu diperbaiki agar lebih layak digunakan warga | C4: netral | D4: — | E4: ✅ Yakin
A5: 3 | B5: got udah dikeruk ga banjir lagi! mantap bgt. pertahankan terus ya | C5: netral | D5: — | E5: ✅ Yakin
A6: 4 | B6: petugas mampet banjir tiap hujan udah sebulan lebih | C6: negatif | D6: — | E6: ✅ Yakin
A7: 5 | B7: pelayanan tidak layak sangat memprihatinkan udah 3 hari | C7: negatif | D7: — | E7: ✅ Yakin
A8: 6 | B8: smart city tapi loading terus ga bisa masuk, gimana ya | C8: netral | D8: — | E8: ✅ Yakin
A9: 7 | B9: syukurlah taman udah bersih indah | C9: positif | D9: — | E9: ✅ Yakin
A10: 8 | B10: info tentang program beasiswa di kecamatan gimana ya prosedurnya | C10: netral | D10: — | E10: ✅ Yakin
A11: 9 | B11: info tentang pembuatan KTP di kantor pelayanan gimana ya prosedurnya | C11: netral | D11: — | E11: ✅ Yakin
A12: 10 | B12: Prosedur pengajuan surat keterangan domisili yang diperlukan | C12: netral | D12: — | E12: ✅ Yakin
A13: 11 | B13: trotoar makin parah dari hari ke hari ga pernah beres | C13: negatif | D13: — | E13: ✅ Yakin
A14: 12 | B14: Saran agar jam pelayanan kantor diperpanjang sampai sore | C14: netral | D14: — | E14: ✅ Yakin
... A83: 81 | B83: kok pelayanan mati terus ga ada yang benerin terus sih bertahun-tahun? ini sudah darurat | C83: negatif | D83: — | E83: ✅ Yakin
A85: BAGIAN 2 — KLASIFIKASI INTENT (Anotator B — Anotator Kedua) | 90 teks | keluhan · permintaan · saran · apresiasi · darurat
A86: No. | B86: Teks Laporan Warga | C86: Label Sentimen | D86: Label Intent ▼ | E86: Flag ▼ | F86: Catatan (opsional)
A87: 1 | B87: longsor di jalan di depan pasar, warga minta tolong segera | C87: — | D87: darurat | E87: ✅ Yakin
A88: 2 | B88: air bersih ga ngalir udah 3 hari warga susah banget | C88: — | D88: keluhan | E88: ✅ Yakin
A89: 3 | B89: kayaknya perlu petugas lebih aktif dalam menangani sampah | C89: — | D89: permintaan | E89: ✅ Yakin
A90: 4 | B90: darurat! orang keracunan di belakang sekolah, butuh bantuan segera | C90: — | D90: darurat | E90: ✅ Yakin
A91: 5 | B91: kami kapan diperbaiki dong tempat sampah baru secepatnya | C91: — | D91: permintaan | E91: ✅ Yakin
A92: 6 | B92: aplikasi pelayanan mudah dipake, petugasnya ramah bgt deh | C92: — | D92: apresiasi | E92: ✅ Yakin
A93: 7 | B93: kebakaran dekat sungai, api udah gede banget tlg bantuan | C93: — | D93: darurat | E93: ✅ Yakin
A94: 8 | B94: jalan ke sekolah rusak dan ga diperbaiki, dari dulu, ga ada yang dateng. udah muak | C94: — | D94: keluhan | E94: ✅ Yakin
A95: 9 | B95: jalan udah diaspal, terima kasih banyak deh | C95: — | D95: apresiasi | E95: ✅ Yakin
A96: 10 | B96: usul biar lampu jalan diganti yang hemat energi led | C96: — | D96: saran | E96: ✅ Yakin
A97: 11 | B97: Pos ronda rubuh berbahaya tidak ada yang mau memperbaiki | C97: — | D97: permintaan | E97: ✅ Yakin
A98: 12 | B98: ada banjir bandang di jalan di depan pasar, minta tolong cepet! | C98: — | D98: darurat | E98: ✅ Yakin
... A176: 90 | B176: terima kasih taman udah dibersihkan, kalau ada kursi lebih oke | C176: — | D176: apresiasi | E176: ✅ Yakin

Sheet 📊 HASIL IAA
A1: 📊 HASIL INTER-ANNOTATOR AGREEMENT (IAA) — ASPIRALYTICA
A2: Sheet ini membandingkan label A dan B secara otomatis. Isi dulu kedua sheet anotator, lalu lihat hasil di sini.
A4: RINGKASAN SENTIMEN
A5: Total teks sentimen | D5: =COUNTA('🅰️ ANOTATOR A'!C3:C83) -> 81
A6: Agreement (sama) | D6: =COUNTIF(E14:E94,"✅ Sama") -> 64
A7: Disagreement (beda) | D7: =COUNTIF(E14:E94,"❌ Beda") -> 17
A8: % Agreement | D8: =IF(C5>0,TEXT(C6/C5*100,"0.0")&"%","—") -> —
A9: ⚠️ Hitung Cohen's Kappa dengan Python: from sklearn.metrics import cohen_kappa_score — target κ ≥ 0.61
A10: cohen_kappa_score(labels_A, labels_B) → paste list label dari kolom C (Anotator A) dan D (Anotator B)
A12: TABEL PERBANDINGAN — SENTIMEN
A13: No. | B13: Teks | C13: Label A | D13: Label B | E13: Status | F13: Konflik
A14: 1 | B14: bangga sama karena pembangunan selesai tepat waktu. ditingkatkan lagi | C14: ='🅰️ ANOTATOR A'!C3 -> positif | D14: ='🅱️ ANOTATOR B'!C3 -> positif | E14: =IF(C14=D14,"✅ Sama","❌ Beda") -> ✅ Sama | F14: =IF(C14<>D14,C14&" vs "&D14,"")
A15: 2 | B15: layanan kesehatan perlu diperbaiki agar lebih layak digunakan warga | C15: ='🅰️ ANOTATOR A'!C4 -> positif | D15: ='🅱️ ANOTATOR B'!C4 -> netral | E15: =IF(C15=D15,"✅ Sama","❌ Beda") -> ❌ Beda | F15: =IF(C15<>D15,C15&" vs "&D15,"") -> positif vs netral
A16: 3 | B16: got udah dikeruk ga banjir lagi! mantap bgt. pertahankan terus ya | C16: ='🅰️ ANOTATOR A'!C5 -> positif | D16: ='🅱️ ANOTATOR B'!C5 -> netral | E16: =IF(C16=D16,"✅ Sama","❌ Beda") -> ❌ Beda | F16: =IF(C16<>D16,C16&" vs "&D16,"") -> positif vs netral
A17: 4 | B17: petugas mampet banjir tiap hujan udah sebulan lebih | C17: ='🅰️ ANOTATOR A'!C6 -> negatif | D17: ='🅱️ ANOTATOR B'!C6 -> negatif | E17: =IF(C17=D17,"✅ Sama","❌ Beda") -> ✅ Sama | F17: =IF(C17<>D17,C17&" vs "&D17,"")
A18: 5 | B18: pelayanan tidak layak sangat memprihatinkan udah 3 hari | C18: ='🅰️ ANOTATOR A'!C7 -> negatif | D18: ='🅱️ ANOTATOR B'!C7 -> negatif | E18: =IF(C18=D18,"✅ Sama","❌ Beda") -> ✅ Sama | F18: =IF(C18<>D18,C18&" vs "&D18,"")
A19: 6 | B19: smart city tapi loading terus ga bisa masuk, gimana ya | C19: ='🅰️ ANOTATOR A'!C8 -> negatif | D19: ='🅱️ ANOTATOR B'!C8 -> netral | E19: =IF(C19=D19,"✅ Sama","❌ Beda") -> ❌ Beda | F19: =IF(C19<>D19,C19&" vs "&D19,"") -> negatif vs netral
A20: 7 | B20: syukurlah taman udah bersih indah | C20: ='🅰️ ANOTATOR A'!C9 -> positif | D20: ='🅱️ ANOTATOR B'!C9 -> positif | E20: =IF(C20=D20,"✅ Sama","❌ Beda") -> ✅ Sama | F20: =IF(C20<>D20,C20&" vs "&D20,"")
A21: 8 | B21: info tentang program beasiswa di kecamatan gimana ya prosedurnya | C21: ='🅰️ ANOTATOR A'!C10 -> netral | D21: ='🅱️ ANOTATOR B'!C10 -> netral | E21: =IF(C21=D21,"✅ Sama","❌ Beda") -> ✅ Sama | F21: =IF(C21<>D21,C21&" vs "&D21,"")
A22: 9 | B22: info tentang pembuatan KTP di kantor pelayanan gimana ya prosedurnya | C22: ='🅰️ ANOTATOR A'!C11 -> netral | D22: ='🅱️ ANOTATOR B'!C11 -> netral | E22: =IF(C22=D22,"✅ Sama","❌ Beda") -> ✅ Sama | F22: =IF(C22<>D22,C22&" vs "&D22,"")
A23: 10 | B23: Prosedur pengajuan surat keterangan domisili yang diperlukan | C23: ='🅰️ ANOTATOR A'!C12 -> netral | D23: ='🅱️ ANOTATOR B'!C12 -> netral | E23: =IF(C23=D23,"✅ Sama","❌ Beda") -> ✅ Sama | F23: =IF(C23<>D23,C23&" vs "&D23,"")
A24: 11 | B24: trotoar makin parah dari hari ke hari ga pernah beres | C24: ='🅰️ ANOTATOR A'!C13 -> negatif | D24: ='🅱️ ANOTATOR B'!C13 -> negatif | E24: =IF(C24=D24,"✅ Sama","❌ Beda") -> ✅ Sama | F24: =IF(C24<>D24,C24&" vs "&D24,"")
A25: 12 | B25: Saran agar jam pelayanan kantor diperpanjang sampai sore | C25: ='🅰️ ANOTATOR A'!C14 -> netral | D25: ='🅱️ ANOTATOR B'!C14 -> netral | E25: =IF(C25=D25,"✅ Sama","❌ Beda") -> ✅ Sama | F25: =IF(C25<>D25,C25&" vs "&D25,"")
... A94: 81 | B94: kok pelayanan mati terus ga ada yang benerin terus sih bertahun-tahun? ini sudah darurat | C94: ='🅰️ ANOTATOR A'!C83 -> negatif | D94: ='🅱️ ANOTATOR B'!C83 -> negatif | E94: =IF(C94=D94,"✅ Sama","❌ Beda") -> ✅ Sama | F94: =IF(C94<>D94,C94&" vs "&D94,"")
A97: TABEL PERBANDINGAN — INTENT
A98: No. | B98: Teks | C98: Label A | D98: Label B | E98: Status | F98: Konflik
A99: 1 | B99: longsor di jalan di depan pasar, warga minta tolong segera | C99: ='🅰️ ANOTATOR A'!D87 -> darurat | D99: ='🅱️ ANOTATOR B'!D87 -> darurat | E99: =IF(C99=D99,"✅ Sama","❌ Beda") -> ✅ Sama | F99: =IF(C99<>D99,C99&" vs "&D99,"")
A100: 2 | B100: air bersih ga ngalir udah 3 hari warga susah banget | C100: ='🅰️ ANOTATOR A'!D88 -> keluhan | D100: ='🅱️ ANOTATOR B'!D88 -> keluhan | E100: =IF(C100=D100,"✅ Sama","❌ Beda") -> ✅ Sama | F100: =IF(C100<>D100,C100&" vs "&D100,"")
A101: 3 | B101: kayaknya perlu petugas lebih aktif dalam menangani sampah | C101: ='🅰️ ANOTATOR A'!D89 -> saran | D101: ='🅱️ ANOTATOR B'!D89 -> permintaan | E101: =IF(C101=D101,"✅ Sama","❌ Beda") -> ❌ Beda | F101: =IF(C101<>D101,C101&" vs "&D101,"") -> saran vs permintaan
A102: 4 | B102: darurat! orang keracunan di belakang sekolah, butuh bantuan segera | C102: ='🅰️ ANOTATOR A'!D90 -> darurat | D102: ='🅱️ ANOTATOR B'!D90 -> darurat | E102: =IF(C102=D102,"✅ Sama","❌ Beda") -> ✅ Sama | F102: =IF(C102<>D102,C102&" vs "&D102,"")
A103: 5 | B103: kami kapan diperbaiki dong tempat sampah baru secepatnya | C103: ='🅰️ ANOTATOR A'!D91 -> permintaan | D103: ='🅱️ ANOTATOR B'!D91 -> permintaan | E103: =IF(C103=D103,"✅ Sama","❌ Beda") -> ✅ Sama | F103: =IF(C103<>D103,C103&" vs "&D103,"")
A104: 6 | B104: aplikasi pelayanan mudah dipake, petugasnya ramah bgt deh | C104: ='🅰️ ANOTATOR A'!D92 -> apresiasi | D104: ='🅱️ ANOTATOR B'!D92 -> apresiasi | E104: =IF(C104=D104,"✅ Sama","❌ Beda") -> ✅ Sama | F104: =IF(C104<>D104,C104&" vs "&D104,"")
A105: 7 | B105: kebakaran dekat sungai, api udah gede banget tlg bantuan | C105: ='🅰️ ANOTATOR A'!D93 -> darurat | D105: ='🅱️ ANOTATOR B'!D93 -> darurat | E105: =IF(C105=D105,"✅ Sama","❌ Beda") -> ✅ Sama | F105: =IF(C105<>D105,C105&" vs "&D105,"")
A106: 8 | B106: jalan ke sekolah rusak dan ga diperbaiki, dari dulu, ga ada yang dateng. udah muak | C106: ='🅰️ ANOTATOR A'!D94 -> keluhan | D106: ='🅱️ ANOTATOR B'!D94 -> keluhan | E106: =IF(C106=D106,"✅ Sama","❌ Beda") -> ✅ Sama | F106: =IF(C106<>D106,C106&" vs "&D106,"")
A107: 9 | B107: jalan udah diaspal, terima kasih banyak deh | C107: ='🅰️ ANOTATOR A'!D95 -> apresiasi | D107: ='🅱️ ANOTATOR B'!D95 -> apresiasi | E107: =IF(C107=D107,"✅ Sama","❌ Beda") -> ✅ Sama | F107: =IF(C107<>D107,C107&" vs "&D107,"")
A108: 10 | B108: usul biar lampu jalan diganti yang hemat energi led | C108: ='🅰️ ANOTATOR A'!D96 -> permintaan | D108: ='🅱️ ANOTATOR B'!D96 -> saran | E108: =IF(C108=D108,"✅ Sama","❌ Beda") -> ❌ Beda | F108: =IF(C108<>D108,C108&" vs "&D108,"") -> permintaan vs saran
A109: 11 | B109: Pos ronda rubuh berbahaya tidak ada yang mau memperbaiki | C109: ='🅰️ ANOTATOR A'!D97 -> darurat | D109: ='🅱️ ANOTATOR B'!D97 -> permintaan | E109: =IF(C109=D109,"✅ Sama","❌ Beda") -> ❌ Beda | F109: =IF(C109<>D109,C109&" vs "&D109,"") -> darurat vs permintaan
A110: 12 | B110: ada banjir bandang di jalan di depan pasar, minta tolong cepet! | C110: ='🅰️ ANOTATOR A'!D98 -> darurat | D110: ='🅱️ ANOTATOR B'!D98 -> darurat | E110: =IF(C110=D110,"✅ Sama","❌ Beda") -> ✅ Sama | F110: =IF(C110<>D110,C110&" vs "&D110,"")
... A188: 90 | B188: terima kasih taman udah dibersihkan, kalau ada kursi lebih oke | C188: ='🅰️ ANOTATOR A'!D176 -> apresiasi | D188: ='🅱️ ANOTATOR B'!D176 -> apresiasi | E188: =IF(C188=D188,"✅ Sama","❌ Beda") -> ✅ Sama | F188: =IF(C188<>D188,C188&" vs "&D188,"")

Sheet 📖 REFERENSI LABEL
A1: 📖 REFERENSI CEPAT — BUKA SAAT ANOTASI
A2: SENTIMEN
A3: Label | B3: Definisi Singkat | C3: Contoh
A4: positif | B4: Kepuasan/pujian/apresiasi terhadap layanan | C4: Pelayanan cepat dan petugasnya ramah sekali
A5: negatif | B5: Ketidakpuasan/keluhan/kecewa. Termasuk implisit. | C5: Jalan rusak berbulan-bulan tidak ada perbaikan
A6: netral | B6: Informatif/deskriptif tanpa emosi dominan | C6: Ada pohon tumbang di Jl. Pahlawan setelah hujan
A7: INTENT
A8: Label | B8: Definisi Singkat | C8: Contoh
A9: keluhan | B9: Masalah/kondisi buruk tanpa permintaan eksplisit | C9: Jalan berlubang sejak lama tidak diperbaiki
A10: permintaan | B10: Permintaan: mohon/tolong/minta + objek jelas | C10: Mohon segera perbaiki lampu jalan RT 05
A11: saran | B11: Rekomendasi: sebaiknya/seharusnya/alangkah | C11: Sebaiknya jam Puskesmas diperpanjang sampai malam
A12: apresiasi | B12: Terima kasih/pujian terhadap kinerja petugas | C12: Terima kasih Dinas PU atas perbaikan jalan cepat
A13: darurat | B13: Ancaman jiwa/harta, perlu tindakan segera | C13: DARURAT! Kebakaran di Jl. Merdeka, tolong!
A14: ⚠️ KASUS BATAS (PALING SERING MEMBINGUNGKAN)
A15: NEGATIF vs NETRAL | B15: Ada frustrasi/implikatur → NEGATIF Fakta murni tanpa emosi → NETRAL | C15: "Sudah 3 bulan tidak diperbaiki" → NEGATIF "Ada jalan rusak di Jl. Sudirman" → NETRAL
A16: KELUHAN vs SARAN | B16: Fokus masalah → KELUHAN Fokus solusi → SARAN | C16: "Drainase mampet banjir terus" → KELUHAN "Sebaiknya drainase dibersihkan rutin" → SARAN
A17: KELUHAN vs PERMINTAAN | B17: Tanpa modal request → KELUHAN Ada tolong/mohon + objek → PERMINTAAN | C17: "Lampu mati 2 minggu" → KELUHAN "Tolong perbaiki lampu RT 05" → PERMINTAAN
A18: SARKASME | B18: Positif + kontradiksi = NEGATIF + KELUHAN | C18: "Mantap sekali, padahal nunggu 3 jam" → NEGATIF
